﻿{
  "sidebarMenu": [
    {
      "text": "Navigation",
      "is_header": true
    },
    {
      "controller": "Dashboard",
      "action": "Index",
      "icon": "fa fa-laptop",
      "text": "Dashboard"
    },
    {
      "text": "Administrations",
      "is_header": true
    },
    {
      "controller": "Users",
      "icon": "fa fa-file",
      "text": "User Management",
      "children": [
        {
          "controller": "Users",
          "action": "Index",
          "text": "Users List"
        },
        {
          "controller": "Users",
          "action": "Create",
          "text": "New User"
        },
        {
          "controller": "Users",
          "action": "Roles",
          "text": "Roles"
        }
      ]
    },

    {
      "text": "HRM Settings",
      "is_header": true
    },
    {
      "controller": "Setup",
      "icon": "fa fa-heart",
      "text": "Setup",
      "children": [
        {
          "controller": "WorkLocations",
          "action": "Index",
          "text": "Working Locations"
        },
        {
          "controller": "Departments",
          "action": "Index",
          "text": "Departments"
        },
        {
          "controller": "Sections",
          "action": "Index",
          "text": "Sections"
        },
        {
          "controller": "Designations",
          "action": "Index",
          "text": "Designations"
        },
        {
          "controller": "Educations",
          "action": "Index",
          "text": "Educations"
        },
        {
          "controller": "Holidays",
          "action": "Index",
          "text": "Holidays"
        },
        {
          "controller": "LeaveTypes",
          "action": "Index",
          "text": "Leave Types"
        },
        {
          "controller": "ShiftGroups",
          "action": "Index",
          "text": "Shift Groups"
        },
        {
          "controller": "ShiftSchedules",
          "action": "Index",
          "text": "ShiftSchedules"
        },
        {
          "controller": "Countries",
          "action": "Index",
          "text": "Countries"
        },
        {
          "controller": "Cities",
          "action": "Index",
          "text": "Cities"
        }
      ]
    },
    {
      "controller": "EmployeeSetup",
      "icon": "fa fa-file-alt",
      "text": "Employee Setup",
      "children": [
        {
          "controller": "Leaves",
          "action": "Index",
          "text": "Leaves"
        },
        {
          "controller": "Employees",
          "action": "Index",
          "text": "Employees"
        }
      ]
    },
    {
      "text": "Attendance Mngt.",
      "is_header": true
    },
    {
      "controller": "Attendance",
      "icon": "fa fa-table",
      "text": "Attendance",
      "children": [
        {
          "controller": "EmployeeAttendance",
          "action": "Index",
          "text": "Employee Attendance"
        },
        {
          "controller": "AttendanceLogs",
          "action": "Index",
          "text": "Attendance Logs"
        }
      ]
    },
    {
      "controller": "Layout",
      "icon": "fa fa-code-branch",
      "text": "Reports",
      "children": [
        {
          "controller": "Layout",
          "action": "StarterPage",
          "text": "Report 1"
        },
        {
          "controller": "Layout",
          "action": "FixedFooter",
          "text": "Report 2"
        },
        {
          "controller": "Layout",
          "action": "FullHeight",
          "text": "Report 3"
        },
        {
          "controller": "Layout",
          "action": "FullWidth",
          "text": "Report 4"
        },
        {
          "controller": "Layout",
          "action": "BoxedLayout",
          "text": "Report 5"
        },
        {
          "controller": "Layout",
          "action": "MinifiedSidebar",
          "text": "Report 6"
        }
      ]
    }
  ]
}